_id,name,email,role,reservations,createdAt,updatedAt
6956f05aa3cb898769858b66,Sean Duffy,campbellkristen@example.org,user,[],2026-01-01 23:08:26.061,2026-01-01 23:08:26.061
6956f05aa3cb898769858b67,Todd Sheppard,lstark@example.net,user,[],2026-01-01 23:08:26.062,2026-01-01 23:08:26.062
6956f05aa3cb898769858b68,Erin Wood,davidgarcia@example.net,user,[],2026-01-01 23:08:26.063,2026-01-01 23:08:26.063
6956f05aa3cb898769858b69,Sarah Townsend,james64@example.org,user,[],2026-01-01 23:08:26.063,2026-01-01 23:08:26.063
6956f05aa3cb898769858b6a,Danielle Williams,thomas99@example.net,user,[],2026-01-01 23:08:26.064,2026-01-01 23:08:26.064
6956f05aa3cb898769858b6b,Todd Smith,gdavis@example.com,user,[],2026-01-01 23:08:26.064,2026-01-01 23:08:26.064
6956f05aa3cb898769858b6c,Kelly Smith,montoyapatricia@example.net,user,[],2026-01-01 23:08:26.065,2026-01-01 23:08:26.065
6956f05aa3cb898769858b6d,Ronald Hughes,mckinneyheidi@example.net,user,[],2026-01-01 23:08:26.065,2026-01-01 23:08:26.065
6956f05aa3cb898769858b6e,Dawn Norris,bowmanjohn@example.net,user,[],2026-01-01 23:08:26.066,2026-01-01 23:08:26.066
6956f05aa3cb898769858b6f,Ian Rodriguez,dbrown@example.org,user,[],2026-01-01 23:08:26.066,2026-01-01 23:08:26.066
6956f05aa3cb898769858b70,Tracy Skinner,browntammy@example.net,user,[],2026-01-01 23:08:26.067,2026-01-01 23:08:26.067
6956f05aa3cb898769858b71,Kathy Hahn,htaylor@example.com,user,[],2026-01-01 23:08:26.067,2026-01-01 23:08:26.067
6956f05aa3cb898769858b72,Robert Casey,travisramos@example.com,user,[],2026-01-01 23:08:26.068,2026-01-01 23:08:26.068
6956f05aa3cb898769858b73,Sean Thomas,mooneykaren@example.org,user,[],2026-01-01 23:08:26.068,2026-01-01 23:08:26.068
6956f05aa3cb898769858b74,Jordan Martin,mark99@example.com,user,[],2026-01-01 23:08:26.069,2026-01-01 23:08:26.069
6956f05aa3cb898769858b75,Alyssa Suarez,bellashley@example.com,user,[],2026-01-01 23:08:26.069,2026-01-01 23:08:26.069
6956f05aa3cb898769858b76,Gregg Campos,martinezrobert@example.org,user,[],2026-01-01 23:08:26.070,2026-01-01 23:08:26.070
6956f05aa3cb898769858b77,Mary Taylor,johnmorrison@example.org,user,[],2026-01-01 23:08:26.070,2026-01-01 23:08:26.070
6956f05aa3cb898769858b78,Elaine Alvarez,biancamitchell@example.com,user,[],2026-01-01 23:08:26.071,2026-01-01 23:08:26.071
6956f05aa3cb898769858b79,Randall Hopkins,lchavez@example.org,user,[],2026-01-01 23:08:26.071,2026-01-01 23:08:26.071
6956f05aa3cb898769858b7a,Katherine Li,danielkirk@example.org,user,[],2026-01-01 23:08:26.072,2026-01-01 23:08:26.072
6956f05aa3cb898769858b7b,Amanda Bean,hlawson@example.net,user,[],2026-01-01 23:08:26.072,2026-01-01 23:08:26.072
6956f05aa3cb898769858b7c,Jesse Villa,jennifer53@example.org,user,[],2026-01-01 23:08:26.072,2026-01-01 23:08:26.072
6956f05aa3cb898769858b7d,Richard Arroyo,heathermcgee@example.org,user,[],2026-01-01 23:08:26.073,2026-01-01 23:08:26.073
6956f05aa3cb898769858b7e,Edward Morgan,glewis@example.com,user,[],2026-01-01 23:08:26.073,2026-01-01 23:08:26.073
6956f05aa3cb898769858b7f,Anthony Morales,glennhernandez@example.org,user,[],2026-01-01 23:08:26.074,2026-01-01 23:08:26.074
6956f05aa3cb898769858b80,Andrea Shaw,jacobanderson@example.org,user,[],2026-01-01 23:08:26.074,2026-01-01 23:08:26.074
6956f05aa3cb898769858b81,Katie Washington,jeff53@example.org,user,[],2026-01-01 23:08:26.074,2026-01-01 23:08:26.074
6956f05aa3cb898769858b82,Trevor Walters,huffkeith@example.net,user,[],2026-01-01 23:08:26.075,2026-01-01 23:08:26.075
6956f05aa3cb898769858b83,Dr. Amanda Elliott,rosspowell@example.org,user,[],2026-01-01 23:08:26.075,2026-01-01 23:08:26.075
6956f05aa3cb898769858b84,Denise Garcia,sarahalvarez@example.org,user,[],2026-01-01 23:08:26.076,2026-01-01 23:08:26.076
6956f05aa3cb898769858b85,Lisa Richardson,wstevenson@example.com,user,[],2026-01-01 23:08:26.076,2026-01-01 23:08:26.076
6956f05aa3cb898769858b86,Lori Morris,raymond43@example.org,user,[],2026-01-01 23:08:26.076,2026-01-01 23:08:26.076
6956f05aa3cb898769858b87,Jillian Jones,aguilarjessica@example.com,user,[],2026-01-01 23:08:26.077,2026-01-01 23:08:26.077
6956f05aa3cb898769858b88,Sandra Perez,stanleywilliam@example.org,user,[],2026-01-01 23:08:26.077,2026-01-01 23:08:26.077
6956f05aa3cb898769858b89,David Vazquez,lauren68@example.net,user,[],2026-01-01 23:08:26.078,2026-01-01 23:08:26.078
6956f05aa3cb898769858b8a,Shawn Vargas,harmonmitchell@example.com,user,[],2026-01-01 23:08:26.078,2026-01-01 23:08:26.078
6956f05aa3cb898769858b8b,Lisa Bautista,bellcandace@example.org,user,[],2026-01-01 23:08:26.079,2026-01-01 23:08:26.079
6956f05aa3cb898769858b8c,Jennifer Sanders,griffinrobert@example.com,user,[],2026-01-01 23:08:26.079,2026-01-01 23:08:26.079
6956f05aa3cb898769858b8d,Nicole Myers DDS,xwilson@example.net,user,[],2026-01-01 23:08:26.080,2026-01-01 23:08:26.080
6956f05aa3cb898769858b8e,Melissa Kennedy,william48@example.net,user,[],2026-01-01 23:08:26.080,2026-01-01 23:08:26.080
6956f05aa3cb898769858b8f,John Jensen,bradleyharris@example.org,user,[],2026-01-01 23:08:26.080,2026-01-01 23:08:26.080
6956f05aa3cb898769858b90,Elizabeth King,vhunter@example.org,user,[],2026-01-01 23:08:26.081,2026-01-01 23:08:26.081
6956f05aa3cb898769858b91,Kurt Guzman,andrew15@example.net,user,[],2026-01-01 23:08:26.081,2026-01-01 23:08:26.081
6956f05aa3cb898769858b92,Javier Miller,barbarazuniga@example.com,user,[],2026-01-01 23:08:26.081,2026-01-01 23:08:26.081
6956f05aa3cb898769858b93,Leslie Davis,matthewsmith@example.net,user,[],2026-01-01 23:08:26.082,2026-01-01 23:08:26.082
6956f05aa3cb898769858b94,Seth Young,hgrant@example.org,user,[],2026-01-01 23:08:26.082,2026-01-01 23:08:26.082
6956f05aa3cb898769858b95,Gary Herrera,david24@example.com,user,[],2026-01-01 23:08:26.082,2026-01-01 23:08:26.082
6956f05aa3cb898769858b96,Jeremy Johnston,rebecca43@example.com,user,[],2026-01-01 23:08:26.083,2026-01-01 23:08:26.083
6956f05aa3cb898769858b97,Amy Jefferson,tholmes@example.net,user,[],2026-01-01 23:08:26.083,2026-01-01 23:08:26.083
